<?xml version="1.0" encoding="UTF-8"?>
<spirit:component xmlns:xilinx="http://www.xilinx.com"
		xmlns:spirit="http://www.spiritconsortium.org/XMLSchema/SPIRIT/1685-2009"
		xmlns:xsi="http://www.w3.org/2001/XMLSchema-instance">
	<spirit:vendor>xilinx.com</spirit:vendor>
	<spirit:library>hls</spirit:library>
	<spirit:name>acorn128_dec_onebyte</spirit:name>
	<spirit:version>1.0</spirit:version>
	<spirit:busInterfaces>
		<spirit:busInterface>
			<spirit:name>s_axi_AXILiteS</spirit:name>
			<spirit:busType spirit:vendor="xilinx.com"
					spirit:library="interface"
					spirit:name="aximm"
					spirit:version="1.0"/>
			<spirit:abstractionType spirit:vendor="xilinx.com"
					spirit:library="interface"
					spirit:name="aximm_rtl"
					spirit:version="1.0"/>
			<spirit:slave>
				<spirit:memoryMapRef spirit:memoryMapRef="s_axi_AXILiteS"/>
			</spirit:slave>
			<spirit:portMaps>
				<spirit:portMap>
					<spirit:logicalPort>
						<spirit:name>AWADDR</spirit:name>
					</spirit:logicalPort>
					<spirit:physicalPort>
						<spirit:name>s_axi_AXILiteS_AWADDR</spirit:name>
					</spirit:physicalPort>
				</spirit:portMap>
				<spirit:portMap>
					<spirit:logicalPort>
						<spirit:name>AWVALID</spirit:name>
					</spirit:logicalPort>
					<spirit:physicalPort>
						<spirit:name>s_axi_AXILiteS_AWVALID</spirit:name>
					</spirit:physicalPort>
				</spirit:portMap>
				<spirit:portMap>
					<spirit:logicalPort>
						<spirit:name>AWREADY</spirit:name>
					</spirit:logicalPort>
					<spirit:physicalPort>
						<spirit:name>s_axi_AXILiteS_AWREADY</spirit:name>
					</spirit:physicalPort>
				</spirit:portMap>
				<spirit:portMap>
					<spirit:logicalPort>
						<spirit:name>WDATA</spirit:name>
					</spirit:logicalPort>
					<spirit:physicalPort>
						<spirit:name>s_axi_AXILiteS_WDATA</spirit:name>
					</spirit:physicalPort>
				</spirit:portMap>
				<spirit:portMap>
					<spirit:logicalPort>
						<spirit:name>WSTRB</spirit:name>
					</spirit:logicalPort>
					<spirit:physicalPort>
						<spirit:name>s_axi_AXILiteS_WSTRB</spirit:name>
					</spirit:physicalPort>
				</spirit:portMap>
				<spirit:portMap>
					<spirit:logicalPort>
						<spirit:name>WVALID</spirit:name>
					</spirit:logicalPort>
					<spirit:physicalPort>
						<spirit:name>s_axi_AXILiteS_WVALID</spirit:name>
					</spirit:physicalPort>
				</spirit:portMap>
				<spirit:portMap>
					<spirit:logicalPort>
						<spirit:name>WREADY</spirit:name>
					</spirit:logicalPort>
					<spirit:physicalPort>
						<spirit:name>s_axi_AXILiteS_WREADY</spirit:name>
					</spirit:physicalPort>
				</spirit:portMap>
				<spirit:portMap>
					<spirit:logicalPort>
						<spirit:name>BRESP</spirit:name>
					</spirit:logicalPort>
					<spirit:physicalPort>
						<spirit:name>s_axi_AXILiteS_BRESP</spirit:name>
					</spirit:physicalPort>
				</spirit:portMap>
				<spirit:portMap>
					<spirit:logicalPort>
						<spirit:name>BVALID</spirit:name>
					</spirit:logicalPort>
					<spirit:physicalPort>
						<spirit:name>s_axi_AXILiteS_BVALID</spirit:name>
					</spirit:physicalPort>
				</spirit:portMap>
				<spirit:portMap>
					<spirit:logicalPort>
						<spirit:name>BREADY</spirit:name>
					</spirit:logicalPort>
					<spirit:physicalPort>
						<spirit:name>s_axi_AXILiteS_BREADY</spirit:name>
					</spirit:physicalPort>
				</spirit:portMap>
				<spirit:portMap>
					<spirit:logicalPort>
						<spirit:name>ARADDR</spirit:name>
					</spirit:logicalPort>
					<spirit:physicalPort>
						<spirit:name>s_axi_AXILiteS_ARADDR</spirit:name>
					</spirit:physicalPort>
				</spirit:portMap>
				<spirit:portMap>
					<spirit:logicalPort>
						<spirit:name>ARVALID</spirit:name>
					</spirit:logicalPort>
					<spirit:physicalPort>
						<spirit:name>s_axi_AXILiteS_ARVALID</spirit:name>
					</spirit:physicalPort>
				</spirit:portMap>
				<spirit:portMap>
					<spirit:logicalPort>
						<spirit:name>ARREADY</spirit:name>
					</spirit:logicalPort>
					<spirit:physicalPort>
						<spirit:name>s_axi_AXILiteS_ARREADY</spirit:name>
					</spirit:physicalPort>
				</spirit:portMap>
				<spirit:portMap>
					<spirit:logicalPort>
						<spirit:name>RDATA</spirit:name>
					</spirit:logicalPort>
					<spirit:physicalPort>
						<spirit:name>s_axi_AXILiteS_RDATA</spirit:name>
					</spirit:physicalPort>
				</spirit:portMap>
				<spirit:portMap>
					<spirit:logicalPort>
						<spirit:name>RRESP</spirit:name>
					</spirit:logicalPort>
					<spirit:physicalPort>
						<spirit:name>s_axi_AXILiteS_RRESP</spirit:name>
					</spirit:physicalPort>
				</spirit:portMap>
				<spirit:portMap>
					<spirit:logicalPort>
						<spirit:name>RVALID</spirit:name>
					</spirit:logicalPort>
					<spirit:physicalPort>
						<spirit:name>s_axi_AXILiteS_RVALID</spirit:name>
					</spirit:physicalPort>
				</spirit:portMap>
				<spirit:portMap>
					<spirit:logicalPort>
						<spirit:name>RREADY</spirit:name>
					</spirit:logicalPort>
					<spirit:physicalPort>
						<spirit:name>s_axi_AXILiteS_RREADY</spirit:name>
					</spirit:physicalPort>
				</spirit:portMap>
			</spirit:portMaps>
			<spirit:endianness>little</spirit:endianness>
			<spirit:parameters>
				<spirit:parameter>
					<spirit:name>ADDR_WIDTH</spirit:name>
					<spirit:value spirit:resolve="immediate"
							spirit:id="BUSIFPARAM_VALUE.S_AXI_AXILITES.ADDR_WIDTH">11</spirit:value>
				</spirit:parameter>
				<spirit:parameter>
					<spirit:name>DATA_WIDTH</spirit:name>
					<spirit:value spirit:resolve="immediate"
							spirit:id="BUSIFPARAM_VALUE.S_AXI_AXILITES.DATA_WIDTH">32</spirit:value>
				</spirit:parameter>
				<spirit:parameter>
					<spirit:name>PROTOCOL</spirit:name>
					<spirit:value spirit:resolve="immediate"
							spirit:id="BUSIFPARAM_VALUE.S_AXI_AXILITES.PROTOCOL">AXI4LITE</spirit:value>
				</spirit:parameter>
				<spirit:parameter>
					<spirit:name>READ_WRITE_MODE</spirit:name>
					<spirit:value spirit:resolve="immediate"
							spirit:id="BUSIFPARAM_VALUE.S_AXI_AXILITES.READ_WRITE_MODE">READ_WRITE</spirit:value>
				</spirit:parameter>
				<spirit:parameter>
					<spirit:name>LAYERED_METADATA</spirit:name>
					<spirit:value spirit:resolve="generated"
							spirit:id="BUSIFPARAM_VALUE.S_AXI_AXILITES.LAYERED_METADATA">xilinx.com:interface:datatypes:1.0 {AWVALID {datatype {name {attribs {resolve_type immediate dependency {} format string minimum {} maximum {}} value {}} bitwidth {attribs {resolve_type immediate dependency {} format long minimum {} maximum {}} value 1} bitoffset {attribs {resolve_type immediate dependency {} format long minimum {} maximum {}} value 0}}} AWREADY {datatype {name {attribs {resolve_type immediate dependency {} format string minimum {} maximum {}} value {}} bitwidth {attribs {resolve_type immediate dependency {} format long minimum {} maximum {}} value 1} bitoffset {attribs {resolve_type immediate dependency {} format long minimum {} maximum {}} value 0}}} WVALID {datatype {name {attribs {resolve_type immediate dependency {} format string minimum {} maximum {}} value {}} bitwidth {attribs {resolve_type immediate dependency {} format long minimum {} maximum {}} value 1} bitoffset {attribs {resolve_type immediate dependency {} format long minimum {} maximum {}} value 0}}} WREADY {datatype {name {attribs {resolve_type immediate dependency {} format string minimum {} maximum {}} value {}} bitwidth {attribs {resolve_type immediate dependency {} format long minimum {} maximum {}} value 1} bitoffset {attribs {resolve_type immediate dependency {} format long minimum {} maximum {}} value 0}}} BVALID {datatype {name {attribs {resolve_type immediate dependency {} format string minimum {} maximum {}} value {}} bitwidth {attribs {resolve_type immediate dependency {} format long minimum {} maximum {}} value 1} bitoffset {attribs {resolve_type immediate dependency {} format long minimum {} maximum {}} value 0}}} BREADY {datatype {name {attribs {resolve_type immediate dependency {} format string minimum {} maximum {}} value {}} bitwidth {attribs {resolve_type immediate dependency {} format long minimum {} maximum {}} value 1} bitoffset {attribs {resolve_type immediate dependency {} format long minimum {} maximum {}} value 0}}} BRESP {datatype {name {attribs {resolve_type immediate dependency {} format string minimum {} maximum {}} value {}} bitwidth {attribs {resolve_type immediate dependency {} format long minimum {} maximum {}} value 2} bitoffset {attribs {resolve_type immediate dependency {} format long minimum {} maximum {}} value 0} integer {signed {attribs {resolve_type immediate dependency {} format bool minimum {} maximum {}} value false}}}} ARVALID {datatype {name {attribs {resolve_type immediate dependency {} format string minimum {} maximum {}} value {}} bitwidth {attribs {resolve_type immediate dependency {} format long minimum {} maximum {}} value 1} bitoffset {attribs {resolve_type immediate dependency {} format long minimum {} maximum {}} value 0}}} ARREADY {datatype {name {attribs {resolve_type immediate dependency {} format string minimum {} maximum {}} value {}} bitwidth {attribs {resolve_type immediate dependency {} format long minimum {} maximum {}} value 1} bitoffset {attribs {resolve_type immediate dependency {} format long minimum {} maximum {}} value 0}}} RVALID {datatype {name {attribs {resolve_type immediate dependency {} format string minimum {} maximum {}} value {}} bitwidth {attribs {resolve_type immediate dependency {} format long minimum {} maximum {}} value 1} bitoffset {attribs {resolve_type immediate dependency {} format long minimum {} maximum {}} value 0}}} RREADY {datatype {name {attribs {resolve_type immediate dependency {} format string minimum {} maximum {}} value {}} bitwidth {attribs {resolve_type immediate dependency {} format long minimum {} maximum {}} value 1} bitoffset {attribs {resolve_type immediate dependency {} format long minimum {} maximum {}} value 0}}} RRESP {datatype {name {attribs {resolve_type immediate dependency {} format string minimum {} maximum {}} value {}} bitwidth {attribs {resolve_type immediate dependency {} format long minimum {} maximum {}} value 2} bitoffset {attribs {resolve_type immediate dependency {} format long minimum {} maximum {}} value 0} integer {signed {attribs {resolve_type immediate dependency {} format bool minimum {} maximum {}} value false}}}} AWADDR {datatype {name {attribs {resolve_type immediate dependency {} format string minimum {} maximum {}} value {}} bitwidth {attribs {resolve_type immediate dependency {} format long minimum {} maximum {}} value 11} bitoffset {attribs {resolve_type immediate dependency {} format long minimum {} maximum {}} value 0} integer {signed {attribs {resolve_type immediate dependency {} format bool minimum {} maximum {}} value false}}}} WDATA {datatype {name {attribs {resolve_type immediate dependency {} format string minimum {} maximum {}} value {}} bitwidth {attribs {resolve_type immediate dependency {} format long minimum {} maximum {}} value 32} bitoffset {attribs {resolve_type immediate dependency {} format long minimum {} maximum {}} value 0} integer {signed {attribs {resolve_type immediate dependency {} format bool minimum {} maximum {}} value true}}}} WSTRB {datatype {name {attribs {resolve_type immediate dependency {} format string minimum {} maximum {}} value {}} bitwidth {attribs {resolve_type immediate dependency {} format long minimum {} maximum {}} value 4} bitoffset {attribs {resolve_type immediate dependency {} format long minimum {} maximum {}} value 0} integer {signed {attribs {resolve_type immediate dependency {} format bool minimum {} maximum {}} value false}}}} ARADDR {datatype {name {attribs {resolve_type immediate dependency {} format string minimum {} maximum {}} value {}} bitwidth {attribs {resolve_type immediate dependency {} format long minimum {} maximum {}} value 11} bitoffset {attribs {resolve_type immediate dependency {} format long minimum {} maximum {}} value 0} integer {signed {attribs {resolve_type immediate dependency {} format bool minimum {} maximum {}} value false}}}} RDATA {datatype {name {attribs {resolve_type immediate dependency {} format string minimum {} maximum {}} value {}} bitwidth {attribs {resolve_type immediate dependency {} format long minimum {} maximum {}} value 32} bitoffset {attribs {resolve_type immediate dependency {} format long minimum {} maximum {}} value 0} integer {signed {attribs {resolve_type immediate dependency {} format bool minimum {} maximum {}} value true}}}}}</spirit:value>
				</spirit:parameter>
			</spirit:parameters>
		</spirit:busInterface>
		<spirit:busInterface>
			<spirit:name>ap_clk</spirit:name>
			<spirit:busType spirit:vendor="xilinx.com"
					spirit:library="signal"
					spirit:name="clock"
					spirit:version="1.0"/>
			<spirit:abstractionType spirit:vendor="xilinx.com"
					spirit:library="signal"
					spirit:name="clock_rtl"
					spirit:version="1.0"/>
			<spirit:slave/>
			<spirit:portMaps>
				<spirit:portMap>
					<spirit:logicalPort>
						<spirit:name>CLK</spirit:name>
					</spirit:logicalPort>
					<spirit:physicalPort>
						<spirit:name>ap_clk</spirit:name>
					</spirit:physicalPort>
				</spirit:portMap>
			</spirit:portMaps>
			<spirit:parameters>
				<spirit:parameter>
					<spirit:name>ASSOCIATED_BUSIF</spirit:name>
					<spirit:value spirit:resolve="immediate"
							spirit:id="BUSIFPARAM_VALUE.AP_CLK.ASSOCIATED_BUSIF">s_axi_AXILiteS</spirit:value>
				</spirit:parameter>
				<spirit:parameter>
					<spirit:name>ASSOCIATED_RESET</spirit:name>
					<spirit:value spirit:resolve="immediate"
							spirit:id="BUSIFPARAM_VALUE.AP_CLK.ASSOCIATED_RESET">ap_rst_n</spirit:value>
				</spirit:parameter>
				<spirit:parameter>
					<spirit:name>LAYERED_METADATA</spirit:name>
					<spirit:value spirit:resolve="generated"
							spirit:id="BUSIFPARAM_VALUE.AP_CLK.LAYERED_METADATA">xilinx.com:interface:datatypes:1.0 {CLK {datatype {name {attribs {resolve_type immediate dependency {} format string minimum {} maximum {}} value {}} bitwidth {attribs {resolve_type immediate dependency {} format long minimum {} maximum {}} value 1} bitoffset {attribs {resolve_type immediate dependency {} format long minimum {} maximum {}} value 0}}}}</spirit:value>
				</spirit:parameter>
			</spirit:parameters>
		</spirit:busInterface>
		<spirit:busInterface>
			<spirit:name>ap_rst_n</spirit:name>
			<spirit:busType spirit:vendor="xilinx.com"
					spirit:library="signal"
					spirit:name="reset"
					spirit:version="1.0"/>
			<spirit:abstractionType spirit:vendor="xilinx.com"
					spirit:library="signal"
					spirit:name="reset_rtl"
					spirit:version="1.0"/>
			<spirit:slave/>
			<spirit:portMaps>
				<spirit:portMap>
					<spirit:logicalPort>
						<spirit:name>RST</spirit:name>
					</spirit:logicalPort>
					<spirit:physicalPort>
						<spirit:name>ap_rst_n</spirit:name>
					</spirit:physicalPort>
				</spirit:portMap>
			</spirit:portMaps>
			<spirit:parameters>
				<spirit:parameter>
					<spirit:name>POLARITY</spirit:name>
					<spirit:value spirit:resolve="immediate"
							spirit:id="BUSIFPARAM_VALUE.AP_RST_N.POLARITY">ACTIVE_LOW</spirit:value>
				</spirit:parameter>
				<spirit:parameter>
					<spirit:name>LAYERED_METADATA</spirit:name>
					<spirit:value spirit:resolve="generated"
							spirit:id="BUSIFPARAM_VALUE.AP_RST_N.LAYERED_METADATA">xilinx.com:interface:datatypes:1.0 {RST {datatype {name {attribs {resolve_type immediate dependency {} format string minimum {} maximum {}} value {}} bitwidth {attribs {resolve_type immediate dependency {} format long minimum {} maximum {}} value 1} bitoffset {attribs {resolve_type immediate dependency {} format long minimum {} maximum {}} value 0}}}}</spirit:value>
				</spirit:parameter>
			</spirit:parameters>
		</spirit:busInterface>
		<spirit:busInterface>
			<spirit:name>interrupt</spirit:name>
			<spirit:busType spirit:vendor="xilinx.com"
					spirit:library="signal"
					spirit:name="interrupt"
					spirit:version="1.0"/>
			<spirit:abstractionType spirit:vendor="xilinx.com"
					spirit:library="signal"
					spirit:name="interrupt_rtl"
					spirit:version="1.0"/>
			<spirit:master/>
			<spirit:portMaps>
				<spirit:portMap>
					<spirit:logicalPort>
						<spirit:name>INTERRUPT</spirit:name>
					</spirit:logicalPort>
					<spirit:physicalPort>
						<spirit:name>interrupt</spirit:name>
					</spirit:physicalPort>
				</spirit:portMap>
			</spirit:portMaps>
			<spirit:parameters>
				<spirit:parameter>
					<spirit:name>SENSITIVITY</spirit:name>
					<spirit:value spirit:resolve="immediate"
							spirit:id="BUSIFPARAM_VALUE.INTERRUPT.SENSITIVITY">LEVEL_HIGH</spirit:value>
				</spirit:parameter>
				<spirit:parameter>
					<spirit:name>LAYERED_METADATA</spirit:name>
					<spirit:value spirit:resolve="generated"
							spirit:id="BUSIFPARAM_VALUE.INTERRUPT.LAYERED_METADATA">xilinx.com:interface:datatypes:1.0 {INTERRUPT {datatype {name {attribs {resolve_type immediate dependency {} format string minimum {} maximum {}} value {}} bitwidth {attribs {resolve_type immediate dependency {} format long minimum {} maximum {}} value 1} bitoffset {attribs {resolve_type immediate dependency {} format long minimum {} maximum {}} value 0}}}}</spirit:value>
				</spirit:parameter>
			</spirit:parameters>
		</spirit:busInterface>
	</spirit:busInterfaces>
	<spirit:memoryMaps>
		<spirit:memoryMap>
			<spirit:name>s_axi_AXILiteS</spirit:name>
			<spirit:addressBlock>
				<spirit:name>Reg</spirit:name>
				<spirit:baseAddress spirit:format="long"
						spirit:resolve="immediate">0</spirit:baseAddress>
				<spirit:range spirit:format="long"
						spirit:resolve="generated">65536</spirit:range>
				<spirit:width>32</spirit:width>
				<spirit:usage>register</spirit:usage>
				<spirit:access>read-write</spirit:access>
				<spirit:parameters>
					<spirit:parameter>
						<spirit:name>OFFSET_BASE_PARAM</spirit:name>
						<spirit:value spirit:id="ADDRBLOCKPARAM_VALUE.REG.OFFSET_BASE_PARAM">C_S_AXI_AXILITES_BASEADDR</spirit:value>
					</spirit:parameter>
					<spirit:parameter>
						<spirit:name>OFFSET_HIGH_PARAM</spirit:name>
						<spirit:value spirit:id="ADDRBLOCKPARAM_VALUE.REG.OFFSET_HIGH_PARAM">C_S_AXI_AXILITES_HIGHADDR</spirit:value>
					</spirit:parameter>
				</spirit:parameters>
				<spirit:register>
					<spirit:name>CTRL</spirit:name>
					<spirit:displayName>CTRL</spirit:displayName>
					<spirit:description>Control signals</spirit:description>
					<spirit:addressOffset>0</spirit:addressOffset>
					<spirit:size spirit:format="long">32</spirit:size>
					<spirit:access>read-write</spirit:access>
					<spirit:reset>
						<spirit:value spirit:format="long">0</spirit:value>
					</spirit:reset>
					<spirit:field>
						<spirit:name>AP_START</spirit:name>
						<spirit:description>Control signal Register for &apos;ap_start&apos;.</spirit:description>
						<spirit:bitOffset>0</spirit:bitOffset>
						<spirit:bitWidth spirit:format="long">1</spirit:bitWidth>
						<spirit:access>read-write</spirit:access>
					</spirit:field>
					<spirit:field>
						<spirit:name>AP_DONE</spirit:name>
						<spirit:description>Control signal Register for &apos;ap_done&apos;.</spirit:description>
						<spirit:bitOffset>1</spirit:bitOffset>
						<spirit:bitWidth spirit:format="long">1</spirit:bitWidth>
						<spirit:access>read-only</spirit:access>
					</spirit:field>
					<spirit:field>
						<spirit:name>AP_IDLE</spirit:name>
						<spirit:description>Control signal Register for &apos;ap_idle&apos;.</spirit:description>
						<spirit:bitOffset>2</spirit:bitOffset>
						<spirit:bitWidth spirit:format="long">1</spirit:bitWidth>
						<spirit:access>read-only</spirit:access>
					</spirit:field>
					<spirit:field>
						<spirit:name>AP_READY</spirit:name>
						<spirit:description>Control signal Register for &apos;ap_ready&apos;.</spirit:description>
						<spirit:bitOffset>3</spirit:bitOffset>
						<spirit:bitWidth spirit:format="long">1</spirit:bitWidth>
						<spirit:access>read-only</spirit:access>
					</spirit:field>
					<spirit:field>
						<spirit:name>RESERVED_1</spirit:name>
						<spirit:description>Reserved.  0s on read.</spirit:description>
						<spirit:bitOffset>4</spirit:bitOffset>
						<spirit:bitWidth spirit:format="long">3</spirit:bitWidth>
						<spirit:access>read-only</spirit:access>
					</spirit:field>
					<spirit:field>
						<spirit:name>AUTO_RESTART</spirit:name>
						<spirit:description>Control signal Register for &apos;auto_restart&apos;.</spirit:description>
						<spirit:bitOffset>7</spirit:bitOffset>
						<spirit:bitWidth spirit:format="long">1</spirit:bitWidth>
						<spirit:access>read-write</spirit:access>
					</spirit:field>
					<spirit:field>
						<spirit:name>RESERVED_2</spirit:name>
						<spirit:description>Reserved.  0s on read.</spirit:description>
						<spirit:bitOffset>8</spirit:bitOffset>
						<spirit:bitWidth spirit:format="long">24</spirit:bitWidth>
						<spirit:access>read-only</spirit:access>
					</spirit:field>
				</spirit:register>
				<spirit:register>
					<spirit:name>GIER</spirit:name>
					<spirit:displayName>GIER</spirit:displayName>
					<spirit:description>Global Interrupt Enable Register</spirit:description>
					<spirit:addressOffset>4</spirit:addressOffset>
					<spirit:size spirit:format="long">32</spirit:size>
					<spirit:access>read-write</spirit:access>
					<spirit:reset>
						<spirit:value spirit:format="long">0</spirit:value>
					</spirit:reset>
					<spirit:field>
						<spirit:name>Enable</spirit:name>
						<spirit:description>Master enable for the device interrupt output to the system interrupt controller: 0 = Disabled, 1 = Enabled</spirit:description>
						<spirit:bitOffset>0</spirit:bitOffset>
						<spirit:bitWidth spirit:format="long">1</spirit:bitWidth>
						<spirit:access>read-write</spirit:access>
					</spirit:field>
					<spirit:field>
						<spirit:name>RESERVED</spirit:name>
						<spirit:description>Reserved.  0s on read.</spirit:description>
						<spirit:bitOffset>1</spirit:bitOffset>
						<spirit:bitWidth spirit:format="long">30</spirit:bitWidth>
						<spirit:access>read-only</spirit:access>
					</spirit:field>
				</spirit:register>
				<spirit:register>
					<spirit:name>IP_IER</spirit:name>
					<spirit:displayName>IP_IER</spirit:displayName>
					<spirit:description>IP Interrupt Enable Register</spirit:description>
					<spirit:addressOffset>8</spirit:addressOffset>
					<spirit:size spirit:format="long">32</spirit:size>
					<spirit:access>read-write</spirit:access>
					<spirit:reset>
						<spirit:value spirit:format="long">0</spirit:value>
					</spirit:reset>
					<spirit:field>
						<spirit:name>CHAN0_INT_EN</spirit:name>
						<spirit:description>Enable Channel 0 (ap_done) Interrupt.  0 = Disabled, 1 = Enabled.</spirit:description>
						<spirit:bitOffset>0</spirit:bitOffset>
						<spirit:bitWidth spirit:format="long">1</spirit:bitWidth>
						<spirit:access>read-write</spirit:access>
					</spirit:field>
					<spirit:field>
						<spirit:name>CHAN1_INT_EN</spirit:name>
						<spirit:description>Enable Channel 1 (ap_ready) Interrupt.  0 = Disabled, 1 = Enabled.</spirit:description>
						<spirit:bitOffset>1</spirit:bitOffset>
						<spirit:bitWidth spirit:format="long">1</spirit:bitWidth>
						<spirit:access>read-write</spirit:access>
					</spirit:field>
					<spirit:field>
						<spirit:name>RESERVED</spirit:name>
						<spirit:description>Reserved.  0s on read.</spirit:description>
						<spirit:bitOffset>2</spirit:bitOffset>
						<spirit:bitWidth spirit:format="long">30</spirit:bitWidth>
						<spirit:access>read-only</spirit:access>
					</spirit:field>
				</spirit:register>
				<spirit:register>
					<spirit:name>IP_ISR</spirit:name>
					<spirit:displayName>IP_ISR</spirit:displayName>
					<spirit:description>IP Interrupt Status Register</spirit:description>
					<spirit:addressOffset>12</spirit:addressOffset>
					<spirit:size spirit:format="long">32</spirit:size>
					<spirit:access>read-write</spirit:access>
					<spirit:reset>
						<spirit:value spirit:format="long">0</spirit:value>
					</spirit:reset>
					<spirit:field>
						<spirit:name>CHAN0_INT_ST</spirit:name>
						<spirit:description>Channel 0 (ap_done) Interrupt Status. 0 = No Channel 0 input interrupt, 1 = Channel 0 input interrup</spirit:description>
						<spirit:bitOffset>0</spirit:bitOffset>
						<spirit:bitWidth spirit:format="long">1</spirit:bitWidth>
						<spirit:access>read-only</spirit:access>
						<spirit:modifiedWriteValue>oneToToggle</spirit:modifiedWriteValue>
					</spirit:field>
					<spirit:field>
						<spirit:name>CHAN1_INT_ST</spirit:name>
						<spirit:description>Channel 1 (ap_ready) Interrupt Status. 0 = No Channel 1 input interrupt, 1 = Channel 1 input interrup</spirit:description>
						<spirit:bitOffset>1</spirit:bitOffset>
						<spirit:bitWidth spirit:format="long">1</spirit:bitWidth>
						<spirit:access>read-only</spirit:access>
						<spirit:modifiedWriteValue>oneToToggle</spirit:modifiedWriteValue>
					</spirit:field>
					<spirit:field>
						<spirit:name>RESERVED</spirit:name>
						<spirit:description>Reserved.  0s on read.</spirit:description>
						<spirit:bitOffset>2</spirit:bitOffset>
						<spirit:bitWidth spirit:format="long">30</spirit:bitWidth>
						<spirit:access>read-only</spirit:access>
					</spirit:field>
				</spirit:register>
				<spirit:register>
					<spirit:name>ap_return</spirit:name>
					<spirit:displayName>ap_return</spirit:displayName>
					<spirit:description>Data signal of ap_return</spirit:description>
					<spirit:addressOffset>16</spirit:addressOffset>
					<spirit:size spirit:format="long">32</spirit:size>
					<spirit:access>read-only</spirit:access>
					<spirit:reset>
						<spirit:value spirit:format="long">0</spirit:value>
					</spirit:reset>
					<spirit:field>
						<spirit:name>ap_return</spirit:name>
						<spirit:description>Bit 31 to 0 Data signal of ap_return</spirit:description>
						<spirit:bitOffset>0</spirit:bitOffset>
						<spirit:bitWidth spirit:format="long">32</spirit:bitWidth>
						<spirit:access>read-only</spirit:access>
					</spirit:field>
				</spirit:register>
				<spirit:register>
					<spirit:name>plaintextbyte</spirit:name>
					<spirit:displayName>plaintextbyte</spirit:displayName>
					<spirit:description>Data signal of plaintextbyte</spirit:description>
					<spirit:addressOffset>1024</spirit:addressOffset>
					<spirit:size spirit:format="long">32</spirit:size>
					<spirit:access>write-only</spirit:access>
					<spirit:reset>
						<spirit:value spirit:format="long">0</spirit:value>
					</spirit:reset>
					<spirit:field>
						<spirit:name>plaintextbyte</spirit:name>
						<spirit:description>Bit 7 to 0 Data signal of plaintextbyte</spirit:description>
						<spirit:bitOffset>0</spirit:bitOffset>
						<spirit:bitWidth spirit:format="long">8</spirit:bitWidth>
						<spirit:access>write-only</spirit:access>
					</spirit:field>
					<spirit:field>
						<spirit:name>RESERVED</spirit:name>
						<spirit:description>Reserved.  0s on read.</spirit:description>
						<spirit:bitOffset>8</spirit:bitOffset>
						<spirit:bitWidth spirit:format="long">24</spirit:bitWidth>
						<spirit:access>read-only</spirit:access>
					</spirit:field>
				</spirit:register>
				<spirit:register>
					<spirit:name>ciphertextbyte</spirit:name>
					<spirit:displayName>ciphertextbyte</spirit:displayName>
					<spirit:description>Data signal of ciphertextbyte</spirit:description>
					<spirit:addressOffset>1032</spirit:addressOffset>
					<spirit:size spirit:format="long">32</spirit:size>
					<spirit:access>write-only</spirit:access>
					<spirit:reset>
						<spirit:value spirit:format="long">0</spirit:value>
					</spirit:reset>
					<spirit:field>
						<spirit:name>ciphertextbyte</spirit:name>
						<spirit:description>Bit 7 to 0 Data signal of ciphertextbyte</spirit:description>
						<spirit:bitOffset>0</spirit:bitOffset>
						<spirit:bitWidth spirit:format="long">8</spirit:bitWidth>
						<spirit:access>write-only</spirit:access>
					</spirit:field>
					<spirit:field>
						<spirit:name>RESERVED</spirit:name>
						<spirit:description>Reserved.  0s on read.</spirit:description>
						<spirit:bitOffset>8</spirit:bitOffset>
						<spirit:bitWidth spirit:format="long">24</spirit:bitWidth>
						<spirit:access>read-only</spirit:access>
					</spirit:field>
				</spirit:register>
				<spirit:register>
					<spirit:name>ksbyte</spirit:name>
					<spirit:displayName>ksbyte</spirit:displayName>
					<spirit:description>Data signal of ksbyte</spirit:description>
					<spirit:addressOffset>1040</spirit:addressOffset>
					<spirit:size spirit:format="long">32</spirit:size>
					<spirit:access>write-only</spirit:access>
					<spirit:reset>
						<spirit:value spirit:format="long">0</spirit:value>
					</spirit:reset>
					<spirit:field>
						<spirit:name>ksbyte</spirit:name>
						<spirit:description>Bit 7 to 0 Data signal of ksbyte</spirit:description>
						<spirit:bitOffset>0</spirit:bitOffset>
						<spirit:bitWidth spirit:format="long">8</spirit:bitWidth>
						<spirit:access>write-only</spirit:access>
					</spirit:field>
					<spirit:field>
						<spirit:name>RESERVED</spirit:name>
						<spirit:description>Reserved.  0s on read.</spirit:description>
						<spirit:bitOffset>8</spirit:bitOffset>
						<spirit:bitWidth spirit:format="long">24</spirit:bitWidth>
						<spirit:access>read-only</spirit:access>
					</spirit:field>
				</spirit:register>
				<spirit:register>
					<spirit:name>cabyte</spirit:name>
					<spirit:displayName>cabyte</spirit:displayName>
					<spirit:description>Data signal of cabyte</spirit:description>
					<spirit:addressOffset>1048</spirit:addressOffset>
					<spirit:size spirit:format="long">32</spirit:size>
					<spirit:access>write-only</spirit:access>
					<spirit:reset>
						<spirit:value spirit:format="long">0</spirit:value>
					</spirit:reset>
					<spirit:field>
						<spirit:name>cabyte</spirit:name>
						<spirit:description>Bit 7 to 0 Data signal of cabyte</spirit:description>
						<spirit:bitOffset>0</spirit:bitOffset>
						<spirit:bitWidth spirit:format="long">8</spirit:bitWidth>
						<spirit:access>write-only</spirit:access>
					</spirit:field>
					<spirit:field>
						<spirit:name>RESERVED</spirit:name>
						<spirit:description>Reserved.  0s on read.</spirit:description>
						<spirit:bitOffset>8</spirit:bitOffset>
						<spirit:bitWidth spirit:format="long">24</spirit:bitWidth>
						<spirit:access>read-only</spirit:access>
					</spirit:field>
				</spirit:register>
				<spirit:register>
					<spirit:name>cbbyte</spirit:name>
					<spirit:displayName>cbbyte</spirit:displayName>
					<spirit:description>Data signal of cbbyte</spirit:description>
					<spirit:addressOffset>1056</spirit:addressOffset>
					<spirit:size spirit:format="long">32</spirit:size>
					<spirit:access>write-only</spirit:access>
					<spirit:reset>
						<spirit:value spirit:format="long">0</spirit:value>
					</spirit:reset>
					<spirit:field>
						<spirit:name>cbbyte</spirit:name>
						<spirit:description>Bit 7 to 0 Data signal of cbbyte</spirit:description>
						<spirit:bitOffset>0</spirit:bitOffset>
						<spirit:bitWidth spirit:format="long">8</spirit:bitWidth>
						<spirit:access>write-only</spirit:access>
					</spirit:field>
					<spirit:field>
						<spirit:name>RESERVED</spirit:name>
						<spirit:description>Reserved.  0s on read.</spirit:description>
						<spirit:bitOffset>8</spirit:bitOffset>
						<spirit:bitWidth spirit:format="long">24</spirit:bitWidth>
						<spirit:access>read-only</spirit:access>
					</spirit:field>
				</spirit:register>
				<spirit:register>
					<spirit:name>Memory_state</spirit:name>
					<spirit:displayName>Memory_state</spirit:displayName>
					<spirit:description>Memory state</spirit:description>
					<spirit:addressOffset>512</spirit:addressOffset>
					<spirit:size spirit:format="long">512</spirit:size>
					<spirit:access>read-write</spirit:access>
					<spirit:reset>
						<spirit:value spirit:format="long">0</spirit:value>
					</spirit:reset>
				</spirit:register>
			</spirit:addressBlock>
		</spirit:memoryMap>
	</spirit:memoryMaps>
	<spirit:model>
		<spirit:views>
			<spirit:view>
				<spirit:name>xilinx_verilogsynthesis</spirit:name>
				<spirit:displayName>Verilog Synthesis</spirit:displayName>
				<spirit:envIdentifier>verilogSource:vivado.xilinx.com:synthesis</spirit:envIdentifier>
				<spirit:language>verilog</spirit:language>
				<spirit:modelName>acorn128_dec_onebyte</spirit:modelName>
				<spirit:fileSetRef>
					<spirit:localName>xilinx_verilogsynthesis_view_fileset</spirit:localName>
				</spirit:fileSetRef>
			</spirit:view>
			<spirit:view>
				<spirit:name>xilinx_verilogbehavioralsimulation</spirit:name>
				<spirit:displayName>Verilog Simulation</spirit:displayName>
				<spirit:envIdentifier>verilogSource:vivado.xilinx.com:simulation</spirit:envIdentifier>
				<spirit:language>verilog</spirit:language>
				<spirit:modelName>acorn128_dec_onebyte</spirit:modelName>
				<spirit:fileSetRef>
					<spirit:localName>xilinx_verilogbehavioralsimulation_view_fileset</spirit:localName>
				</spirit:fileSetRef>
			</spirit:view>
			<spirit:view>
				<spirit:name>xilinx_vhdlsynthesis</spirit:name>
				<spirit:displayName>VHDL Synthesis</spirit:displayName>
				<spirit:envIdentifier>vhdlSource:vivado.xilinx.com:synthesis</spirit:envIdentifier>
				<spirit:language>vhdl</spirit:language>
				<spirit:modelName>acorn128_dec_onebyte</spirit:modelName>
				<spirit:fileSetRef>
					<spirit:localName>xilinx_vhdlsynthesis_view_fileset</spirit:localName>
				</spirit:fileSetRef>
			</spirit:view>
			<spirit:view>
				<spirit:name>xilinx_vhdlbehavioralsimulation</spirit:name>
				<spirit:displayName>VHDL Simulation</spirit:displayName>
				<spirit:envIdentifier>vhdlSource:vivado.xilinx.com:simulation</spirit:envIdentifier>
				<spirit:language>vhdl</spirit:language>
				<spirit:modelName>acorn128_dec_onebyte</spirit:modelName>
				<spirit:fileSetRef>
					<spirit:localName>xilinx_vhdlbehavioralsimulation_view_fileset</spirit:localName>
				</spirit:fileSetRef>
			</spirit:view>
			<spirit:view>
				<spirit:name>xilinx_softwaredriver</spirit:name>
				<spirit:displayName>Software Driver</spirit:displayName>
				<spirit:envIdentifier>:vivado.xilinx.com:sw.driver</spirit:envIdentifier>
				<spirit:fileSetRef>
					<spirit:localName>xilinx_softwaredriver_view_fileset</spirit:localName>
				</spirit:fileSetRef>
			</spirit:view>
			<spirit:view>
				<spirit:name>xilinx_documentation</spirit:name>
				<spirit:displayName>Documentation</spirit:displayName>
				<spirit:envIdentifier>:vivado.xilinx.com:docs.all</spirit:envIdentifier>
				<spirit:fileSetRef>
					<spirit:localName>xilinx_documentation_view_fileset</spirit:localName>
				</spirit:fileSetRef>
			</spirit:view>
			<spirit:view>
				<spirit:name>xilinx_miscfiles</spirit:name>
				<spirit:displayName>Miscellaneous</spirit:displayName>
				<spirit:envIdentifier>:vivado.xilinx.com:misc.files</spirit:envIdentifier>
				<spirit:fileSetRef>
					<spirit:localName>xilinx_miscfiles_view_fileset</spirit:localName>
				</spirit:fileSetRef>
			</spirit:view>
			<spirit:view>
				<spirit:name>xilinx_xpgui</spirit:name>
				<spirit:displayName>UI Layout</spirit:displayName>
				<spirit:envIdentifier>:vivado.xilinx.com:xgui.ui</spirit:envIdentifier>
				<spirit:fileSetRef>
					<spirit:localName>xilinx_xpgui_view_fileset</spirit:localName>
				</spirit:fileSetRef>
			</spirit:view>
			<spirit:view>
				<spirit:name>xilinx_utilityxitfiles</spirit:name>
				<spirit:displayName>Utility XIT/TTCL</spirit:displayName>
				<spirit:envIdentifier>:vivado.xilinx.com:xit.util</spirit:envIdentifier>
				<spirit:fileSetRef>
					<spirit:localName>xilinx_utilityxitfiles_view_fileset</spirit:localName>
				</spirit:fileSetRef>
			</spirit:view>
		</spirit:views>
		<spirit:ports>
			<spirit:port>
				<spirit:name>s_axi_AXILiteS_AWADDR</spirit:name>
				<spirit:wire>
					<spirit:direction>in</spirit:direction>
					<spirit:vector>
						<spirit:left spirit:resolve="dependent"
								spirit:dependency="(spirit:decode(id(&apos;MODELPARAM_VALUE.C_S_AXI_AXILITES_ADDR_WIDTH&apos;)) - 1)">10</spirit:left>
						<spirit:right>0</spirit:right>
					</spirit:vector>
					<spirit:wireTypeDefs>
						<spirit:wireTypeDef>
							<spirit:typeName>std_logic_vector</spirit:typeName>
							<spirit:viewNameRef>xilinx_verilogsynthesis</spirit:viewNameRef>
							<spirit:viewNameRef>xilinx_verilogbehavioralsimulation</spirit:viewNameRef>
						</spirit:wireTypeDef>
					</spirit:wireTypeDefs>
				</spirit:wire>
			</spirit:port>
			<spirit:port>
				<spirit:name>s_axi_AXILiteS_AWVALID</spirit:name>
				<spirit:wire>
					<spirit:direction>in</spirit:direction>
					<spirit:wireTypeDefs>
						<spirit:wireTypeDef>
							<spirit:typeName>std_logic</spirit:typeName>
							<spirit:viewNameRef>xilinx_verilogsynthesis</spirit:viewNameRef>
							<spirit:viewNameRef>xilinx_verilogbehavioralsimulation</spirit:viewNameRef>
						</spirit:wireTypeDef>
					</spirit:wireTypeDefs>
				</spirit:wire>
			</spirit:port>
			<spirit:port>
				<spirit:name>s_axi_AXILiteS_AWREADY</spirit:name>
				<spirit:wire>
					<spirit:direction>out</spirit:direction>
					<spirit:wireTypeDefs>
						<spirit:wireTypeDef>
							<spirit:typeName>std_logic</spirit:typeName>
							<spirit:viewNameRef>xilinx_verilogsynthesis</spirit:viewNameRef>
							<spirit:viewNameRef>xilinx_verilogbehavioralsimulation</spirit:viewNameRef>
						</spirit:wireTypeDef>
					</spirit:wireTypeDefs>
				</spirit:wire>
			</spirit:port>
			<spirit:port>
				<spirit:name>s_axi_AXILiteS_WDATA</spirit:name>
				<spirit:wire>
					<spirit:direction>in</spirit:direction>
					<spirit:vector>
						<spirit:left spirit:resolve="dependent"
								spirit:dependency="(spirit:decode(id(&apos;MODELPARAM_VALUE.C_S_AXI_AXILITES_DATA_WIDTH&apos;)) - 1)">31</spirit:left>
						<spirit:right>0</spirit:right>
					</spirit:vector>
					<spirit:wireTypeDefs>
						<spirit:wireTypeDef>
							<spirit:typeName>std_logic_vector</spirit:typeName>
							<spirit:viewNameRef>xilinx_verilogsynthesis</spirit:viewNameRef>
							<spirit:viewNameRef>xilinx_verilogbehavioralsimulation</spirit:viewNameRef>
						</spirit:wireTypeDef>
					</spirit:wireTypeDefs>
				</spirit:wire>
			</spirit:port>
			<spirit:port>
				<spirit:name>s_axi_AXILiteS_WSTRB</spirit:name>
				<spirit:wire>
					<spirit:direction>in</spirit:direction>
					<spirit:vector>
						<spirit:left spirit:resolve="dependent"
								spirit:dependency="((spirit:decode(id(&apos;MODELPARAM_VALUE.C_S_AXI_AXILITES_DATA_WIDTH&apos;)) div 8) - 1)">3</spirit:left>
						<spirit:right>0</spirit:right>
					</spirit:vector>
					<spirit:wireTypeDefs>
						<spirit:wireTypeDef>
							<spirit:typeName>std_logic_vector</spirit:typeName>
							<spirit:viewNameRef>xilinx_verilogsynthesis</spirit:viewNameRef>
							<spirit:viewNameRef>xilinx_verilogbehavioralsimulation</spirit:viewNameRef>
						</spirit:wireTypeDef>
					</spirit:wireTypeDefs>
				</spirit:wire>
			</spirit:port>
			<spirit:port>
				<spirit:name>s_axi_AXILiteS_WVALID</spirit:name>
				<spirit:wire>
					<spirit:direction>in</spirit:direction>
					<spirit:wireTypeDefs>
						<spirit:wireTypeDef>
							<spirit:typeName>std_logic</spirit:typeName>
							<spirit:viewNameRef>xilinx_verilogsynthesis</spirit:viewNameRef>
							<spirit:viewNameRef>xilinx_verilogbehavioralsimulation</spirit:viewNameRef>
						</spirit:wireTypeDef>
					</spirit:wireTypeDefs>
				</spirit:wire>
			</spirit:port>
			<spirit:port>
				<spirit:name>s_axi_AXILiteS_WREADY</spirit:name>
				<spirit:wire>
					<spirit:direction>out</spirit:direction>
					<spirit:wireTypeDefs>
						<spirit:wireTypeDef>
							<spirit:typeName>std_logic</spirit:typeName>
							<spirit:viewNameRef>xilinx_verilogsynthesis</spirit:viewNameRef>
							<spirit:viewNameRef>xilinx_verilogbehavioralsimulation</spirit:viewNameRef>
						</spirit:wireTypeDef>
					</spirit:wireTypeDefs>
				</spirit:wire>
			</spirit:port>
			<spirit:port>
				<spirit:name>s_axi_AXILiteS_BRESP</spirit:name>
				<spirit:wire>
					<spirit:direction>out</spirit:direction>
					<spirit:vector>
						<spirit:left>1</spirit:left>
						<spirit:right>0</spirit:right>
					</spirit:vector>
					<spirit:wireTypeDefs>
						<spirit:wireTypeDef>
							<spirit:typeName>std_logic_vector</spirit:typeName>
							<spirit:viewNameRef>xilinx_verilogsynthesis</spirit:viewNameRef>
							<spirit:viewNameRef>xilinx_verilogbehavioralsimulation</spirit:viewNameRef>
						</spirit:wireTypeDef>
					</spirit:wireTypeDefs>
				</spirit:wire>
			</spirit:port>
			<spirit:port>
				<spirit:name>s_axi_AXILiteS_BVALID</spirit:name>
				<spirit:wire>
					<spirit:direction>out</spirit:direction>
					<spirit:wireTypeDefs>
						<spirit:wireTypeDef>
							<spirit:typeName>std_logic</spirit:typeName>
							<spirit:viewNameRef>xilinx_verilogsynthesis</spirit:viewNameRef>
							<spirit:viewNameRef>xilinx_verilogbehavioralsimulation</spirit:viewNameRef>
						</spirit:wireTypeDef>
					</spirit:wireTypeDefs>
				</spirit:wire>
			</spirit:port>
			<spirit:port>
				<spirit:name>s_axi_AXILiteS_BREADY</spirit:name>
				<spirit:wire>
					<spirit:direction>in</spirit:direction>
					<spirit:wireTypeDefs>
						<spirit:wireTypeDef>
							<spirit:typeName>std_logic</spirit:typeName>
							<spirit:viewNameRef>xilinx_verilogsynthesis</spirit:viewNameRef>
							<spirit:viewNameRef>xilinx_verilogbehavioralsimulation</spirit:viewNameRef>
						</spirit:wireTypeDef>
					</spirit:wireTypeDefs>
				</spirit:wire>
			</spirit:port>
			<spirit:port>
				<spirit:name>s_axi_AXILiteS_ARADDR</spirit:name>
				<spirit:wire>
					<spirit:direction>in</spirit:direction>
					<spirit:vector>
						<spirit:left spirit:resolve="dependent"
								spirit:dependency="(spirit:decode(id(&apos;MODELPARAM_VALUE.C_S_AXI_AXILITES_ADDR_WIDTH&apos;)) - 1)">10</spirit:left>
						<spirit:right>0</spirit:right>
					</spirit:vector>
					<spirit:wireTypeDefs>
						<spirit:wireTypeDef>
							<spirit:typeName>std_logic_vector</spirit:typeName>
							<spirit:viewNameRef>xilinx_verilogsynthesis</spirit:viewNameRef>
							<spirit:viewNameRef>xilinx_verilogbehavioralsimulation</spirit:viewNameRef>
						</spirit:wireTypeDef>
					</spirit:wireTypeDefs>
				</spirit:wire>
			</spirit:port>
			<spirit:port>
				<spirit:name>s_axi_AXILiteS_ARVALID</spirit:name>
				<spirit:wire>
					<spirit:direction>in</spirit:direction>
					<spirit:wireTypeDefs>
						<spirit:wireTypeDef>
							<spirit:typeName>std_logic</spirit:typeName>
							<spirit:viewNameRef>xilinx_verilogsynthesis</spirit:viewNameRef>
							<spirit:viewNameRef>xilinx_verilogbehavioralsimulation</spirit:viewNameRef>
						</spirit:wireTypeDef>
					</spirit:wireTypeDefs>
				</spirit:wire>
			</spirit:port>
			<spirit:port>
				<spirit:name>s_axi_AXILiteS_ARREADY</spirit:name>
				<spirit:wire>
					<spirit:direction>out</spirit:direction>
					<spirit:wireTypeDefs>
						<spirit:wireTypeDef>
							<spirit:typeName>std_logic</spirit:typeName>
							<spirit:viewNameRef>xilinx_verilogsynthesis</spirit:viewNameRef>
							<spirit:viewNameRef>xilinx_verilogbehavioralsimulation</spirit:viewNameRef>
						</spirit:wireTypeDef>
					</spirit:wireTypeDefs>
				</spirit:wire>
			</spirit:port>
			<spirit:port>
				<spirit:name>s_axi_AXILiteS_RDATA</spirit:name>
				<spirit:wire>
					<spirit:direction>out</spirit:direction>
					<spirit:vector>
						<spirit:left spirit:resolve="dependent"
								spirit:dependency="(spirit:decode(id(&apos;MODELPARAM_VALUE.C_S_AXI_AXILITES_DATA_WIDTH&apos;)) - 1)">31</spirit:left>
						<spirit:right>0</spirit:right>
					</spirit:vector>
					<spirit:wireTypeDefs>
						<spirit:wireTypeDef>
							<spirit:typeName>std_logic_vector</spirit:typeName>
							<spirit:viewNameRef>xilinx_verilogsynthesis</spirit:viewNameRef>
							<spirit:viewNameRef>xilinx_verilogbehavioralsimulation</spirit:viewNameRef>
						</spirit:wireTypeDef>
					</spirit:wireTypeDefs>
				</spirit:wire>
			</spirit:port>
			<spirit:port>
				<spirit:name>s_axi_AXILiteS_RRESP</spirit:name>
				<spirit:wire>
					<spirit:direction>out</spirit:direction>
					<spirit:vector>
						<spirit:left>1</spirit:left>
						<spirit:right>0</spirit:right>
					</spirit:vector>
					<spirit:wireTypeDefs>
						<spirit:wireTypeDef>
							<spirit:typeName>std_logic_vector</spirit:typeName>
							<spirit:viewNameRef>xilinx_verilogsynthesis</spirit:viewNameRef>
							<spirit:viewNameRef>xilinx_verilogbehavioralsimulation</spirit:viewNameRef>
						</spirit:wireTypeDef>
					</spirit:wireTypeDefs>
				</spirit:wire>
			</spirit:port>
			<spirit:port>
				<spirit:name>s_axi_AXILiteS_RVALID</spirit:name>
				<spirit:wire>
					<spirit:direction>out</spirit:direction>
					<spirit:wireTypeDefs>
						<spirit:wireTypeDef>
							<spirit:typeName>std_logic</spirit:typeName>
							<spirit:viewNameRef>xilinx_verilogsynthesis</spirit:viewNameRef>
							<spirit:viewNameRef>xilinx_verilogbehavioralsimulation</spirit:viewNameRef>
						</spirit:wireTypeDef>
					</spirit:wireTypeDefs>
				</spirit:wire>
			</spirit:port>
			<spirit:port>
				<spirit:name>s_axi_AXILiteS_RREADY</spirit:name>
				<spirit:wire>
					<spirit:direction>in</spirit:direction>
					<spirit:wireTypeDefs>
						<spirit:wireTypeDef>
							<spirit:typeName>std_logic</spirit:typeName>
							<spirit:viewNameRef>xilinx_verilogsynthesis</spirit:viewNameRef>
							<spirit:viewNameRef>xilinx_verilogbehavioralsimulation</spirit:viewNameRef>
						</spirit:wireTypeDef>
					</spirit:wireTypeDefs>
				</spirit:wire>
			</spirit:port>
			<spirit:port>
				<spirit:name>ap_clk</spirit:name>
				<spirit:wire>
					<spirit:direction>in</spirit:direction>
					<spirit:wireTypeDefs>
						<spirit:wireTypeDef>
							<spirit:typeName>std_logic</spirit:typeName>
							<spirit:viewNameRef>xilinx_verilogsynthesis</spirit:viewNameRef>
							<spirit:viewNameRef>xilinx_verilogbehavioralsimulation</spirit:viewNameRef>
						</spirit:wireTypeDef>
					</spirit:wireTypeDefs>
				</spirit:wire>
			</spirit:port>
			<spirit:port>
				<spirit:name>ap_rst_n</spirit:name>
				<spirit:wire>
					<spirit:direction>in</spirit:direction>
					<spirit:wireTypeDefs>
						<spirit:wireTypeDef>
							<spirit:typeName>std_logic</spirit:typeName>
							<spirit:viewNameRef>xilinx_verilogsynthesis</spirit:viewNameRef>
							<spirit:viewNameRef>xilinx_verilogbehavioralsimulation</spirit:viewNameRef>
						</spirit:wireTypeDef>
					</spirit:wireTypeDefs>
				</spirit:wire>
			</spirit:port>
			<spirit:port>
				<spirit:name>interrupt</spirit:name>
				<spirit:wire>
					<spirit:direction>out</spirit:direction>
					<spirit:wireTypeDefs>
						<spirit:wireTypeDef>
							<spirit:typeName>std_logic</spirit:typeName>
							<spirit:viewNameRef>xilinx_verilogsynthesis</spirit:viewNameRef>
							<spirit:viewNameRef>xilinx_verilogbehavioralsimulation</spirit:viewNameRef>
						</spirit:wireTypeDef>
					</spirit:wireTypeDefs>
				</spirit:wire>
			</spirit:port>
		</spirit:ports>
		<spirit:modelParameters>
			<spirit:modelParameter xsi:type="spirit:nameValueTypeType"
					spirit:dataType="integer">
				<spirit:name>C_S_AXI_AXILITES_ADDR_WIDTH</spirit:name>
				<spirit:value spirit:format="long"
						spirit:resolve="generated"
						spirit:id="MODELPARAM_VALUE.C_S_AXI_AXILITES_ADDR_WIDTH">11</spirit:value>
			</spirit:modelParameter>
			<spirit:modelParameter spirit:dataType="integer">
				<spirit:name>C_S_AXI_AXILITES_DATA_WIDTH</spirit:name>
				<spirit:value spirit:format="long"
						spirit:resolve="immediate"
						spirit:id="MODELPARAM_VALUE.C_S_AXI_AXILITES_DATA_WIDTH">32</spirit:value>
			</spirit:modelParameter>
		</spirit:modelParameters>
	</spirit:model>
	<spirit:fileSets>
		<spirit:fileSet>
			<spirit:name>xilinx_verilogsynthesis_view_fileset</spirit:name>
			<spirit:file>
				<spirit:name>constraints/acorn128_dec_onebyte_ooc.xdc</spirit:name>
				<spirit:userFileType>xdc</spirit:userFileType>
				<spirit:userFileType>USED_IN_out_of_context</spirit:userFileType>
				<spirit:userFileType>USED_IN_synthesis</spirit:userFileType>
				<spirit:userFileType>USED_IN_implementation</spirit:userFileType>
			</spirit:file>
			<spirit:file>
				<spirit:name>hdl/verilog/acorn128_dec_onebyte.v</spirit:name>
				<spirit:fileType>verilogSource</spirit:fileType>
			</spirit:file>
			<spirit:file>
				<spirit:name>hdl/verilog/acorn128_dec_onebyte_AXILiteS_s_axi.v</spirit:name>
				<spirit:fileType>verilogSource</spirit:fileType>
			</spirit:file>
			<spirit:file>
				<spirit:name>hdl/verilog/acorn128_dec_onebyte_Decrypt_StateUpdate128_1bit.v</spirit:name>
				<spirit:fileType>verilogSource</spirit:fileType>
			</spirit:file>
		</spirit:fileSet>
		<spirit:fileSet>
			<spirit:name>xilinx_verilogbehavioralsimulation_view_fileset</spirit:name>
			<spirit:file>
				<spirit:name>hdl/verilog/acorn128_dec_onebyte.v</spirit:name>
				<spirit:fileType>verilogSource</spirit:fileType>
			</spirit:file>
			<spirit:file>
				<spirit:name>hdl/verilog/acorn128_dec_onebyte_AXILiteS_s_axi.v</spirit:name>
				<spirit:fileType>verilogSource</spirit:fileType>
			</spirit:file>
			<spirit:file>
				<spirit:name>hdl/verilog/acorn128_dec_onebyte_Decrypt_StateUpdate128_1bit.v</spirit:name>
				<spirit:fileType>verilogSource</spirit:fileType>
			</spirit:file>
		</spirit:fileSet>
		<spirit:fileSet>
			<spirit:name>xilinx_vhdlsynthesis_view_fileset</spirit:name>
			<spirit:file>
				<spirit:name>constraints/acorn128_dec_onebyte_ooc.xdc</spirit:name>
				<spirit:userFileType>xdc</spirit:userFileType>
				<spirit:userFileType>USED_IN_out_of_context</spirit:userFileType>
				<spirit:userFileType>USED_IN_synthesis</spirit:userFileType>
				<spirit:userFileType>USED_IN_implementation</spirit:userFileType>
			</spirit:file>
			<spirit:file>
				<spirit:name>hdl/vhdl/acorn128_dec_onebyte.vhd</spirit:name>
				<spirit:fileType>vhdlSource</spirit:fileType>
			</spirit:file>
			<spirit:file>
				<spirit:name>hdl/vhdl/acorn128_dec_onebyte_AXILiteS_s_axi.vhd</spirit:name>
				<spirit:fileType>vhdlSource</spirit:fileType>
			</spirit:file>
			<spirit:file>
				<spirit:name>hdl/vhdl/acorn128_dec_onebyte_Decrypt_StateUpdate128_1bit.vhd</spirit:name>
				<spirit:fileType>vhdlSource</spirit:fileType>
				<spirit:userFileType>CHECKSUM_ba9b450f</spirit:userFileType>
			</spirit:file>
		</spirit:fileSet>
		<spirit:fileSet>
			<spirit:name>xilinx_vhdlbehavioralsimulation_view_fileset</spirit:name>
			<spirit:file>
				<spirit:name>hdl/vhdl/acorn128_dec_onebyte.vhd</spirit:name>
				<spirit:fileType>vhdlSource</spirit:fileType>
			</spirit:file>
			<spirit:file>
				<spirit:name>hdl/vhdl/acorn128_dec_onebyte_AXILiteS_s_axi.vhd</spirit:name>
				<spirit:fileType>vhdlSource</spirit:fileType>
			</spirit:file>
			<spirit:file>
				<spirit:name>hdl/vhdl/acorn128_dec_onebyte_Decrypt_StateUpdate128_1bit.vhd</spirit:name>
				<spirit:fileType>vhdlSource</spirit:fileType>
			</spirit:file>
		</spirit:fileSet>
		<spirit:fileSet>
			<spirit:name>xilinx_softwaredriver_view_fileset</spirit:name>
			<spirit:file>
				<spirit:name>drivers/acorn128_dec_onebyte_v1_0/data/acorn128_dec_onebyte.mdd</spirit:name>
				<spirit:userFileType>mdd</spirit:userFileType>
				<spirit:userFileType>USED_IN_hw_handoff</spirit:userFileType>
			</spirit:file>
			<spirit:file>
				<spirit:name>drivers/acorn128_dec_onebyte_v1_0/data/acorn128_dec_onebyte.tcl</spirit:name>
				<spirit:fileType>tclSource</spirit:fileType>
				<spirit:userFileType>USED_IN_hw_handoff</spirit:userFileType>
			</spirit:file>
			<spirit:file>
				<spirit:name>drivers/acorn128_dec_onebyte_v1_0/src/Makefile</spirit:name>
				<spirit:userFileType>unknown</spirit:userFileType>
				<spirit:userFileType>USED_IN_hw_handoff</spirit:userFileType>
			</spirit:file>
			<spirit:file>
				<spirit:name>drivers/acorn128_dec_onebyte_v1_0/src/xacorn128_dec_onebyte.c</spirit:name>
				<spirit:fileType>cSource</spirit:fileType>
				<spirit:userFileType>USED_IN_hw_handoff</spirit:userFileType>
			</spirit:file>
			<spirit:file>
				<spirit:name>drivers/acorn128_dec_onebyte_v1_0/src/xacorn128_dec_onebyte.h</spirit:name>
				<spirit:fileType>cSource</spirit:fileType>
				<spirit:userFileType>USED_IN_hw_handoff</spirit:userFileType>
			</spirit:file>
			<spirit:file>
				<spirit:name>drivers/acorn128_dec_onebyte_v1_0/src/xacorn128_dec_onebyte_hw.h</spirit:name>
				<spirit:fileType>cSource</spirit:fileType>
				<spirit:userFileType>USED_IN_hw_handoff</spirit:userFileType>
			</spirit:file>
			<spirit:file>
				<spirit:name>drivers/acorn128_dec_onebyte_v1_0/src/xacorn128_dec_onebyte_linux.c</spirit:name>
				<spirit:fileType>cSource</spirit:fileType>
				<spirit:userFileType>USED_IN_hw_handoff</spirit:userFileType>
			</spirit:file>
			<spirit:file>
				<spirit:name>drivers/acorn128_dec_onebyte_v1_0/src/xacorn128_dec_onebyte_sinit.c</spirit:name>
				<spirit:fileType>cSource</spirit:fileType>
				<spirit:userFileType>USED_IN_hw_handoff</spirit:userFileType>
			</spirit:file>
		</spirit:fileSet>
		<spirit:fileSet>
			<spirit:name>xilinx_documentation_view_fileset</spirit:name>
			<spirit:file>
				<spirit:name>doc/ReleaseNotes.txt</spirit:name>
				<spirit:userFileType>text</spirit:userFileType>
			</spirit:file>
		</spirit:fileSet>
		<spirit:fileSet>
			<spirit:name>xilinx_miscfiles_view_fileset</spirit:name>
			<spirit:file>
				<spirit:name>misc/logo.png</spirit:name>
				<spirit:userFileType>image</spirit:userFileType>
			</spirit:file>
		</spirit:fileSet>
		<spirit:fileSet>
			<spirit:name>xilinx_xpgui_view_fileset</spirit:name>
			<spirit:file>
				<spirit:name>xgui/acorn128_dec_onebyte_v1_0.tcl</spirit:name>
				<spirit:fileType>tclSource</spirit:fileType>
				<spirit:userFileType>XGUI_VERSION_2</spirit:userFileType>
				<spirit:userFileType>CHECKSUM_852ea88e</spirit:userFileType>
			</spirit:file>
		</spirit:fileSet>
		<spirit:fileSet>
			<spirit:name>xilinx_utilityxitfiles_view_fileset</spirit:name>
			<spirit:file>
				<spirit:name>misc/logo.png</spirit:name>
				<spirit:userFileType>image</spirit:userFileType>
				<spirit:userFileType>LOGO</spirit:userFileType>
			</spirit:file>
		</spirit:fileSet>
	</spirit:fileSets>
	<spirit:description>An IP generated by Vivado HLS</spirit:description>
	<spirit:parameters>
		<spirit:parameter>
			<spirit:name>Component_Name</spirit:name>
			<spirit:value spirit:resolve="user"
					spirit:id="PARAM_VALUE.Component_Name"
					spirit:order="1">acorn128_dec_onebyte_v1_0</spirit:value>
		</spirit:parameter>
		<spirit:parameter>
			<spirit:name>clk_period</spirit:name>
			<spirit:value spirit:resolve="immediate"
					spirit:id="PARAM_VALUE.clk_period"
					spirit:order="2">10.000000</spirit:value>
		</spirit:parameter>
		<spirit:parameter>
			<spirit:name>machine</spirit:name>
			<spirit:value spirit:resolve="immediate"
					spirit:id="PARAM_VALUE.machine"
					spirit:order="3">64</spirit:value>
		</spirit:parameter>
		<spirit:parameter>
			<spirit:name>combinational</spirit:name>
			<spirit:value spirit:resolve="immediate"
					spirit:id="PARAM_VALUE.combinational"
					spirit:order="4">0</spirit:value>
		</spirit:parameter>
		<spirit:parameter>
			<spirit:name>latency</spirit:name>
			<spirit:value spirit:resolve="immediate"
					spirit:id="PARAM_VALUE.latency"
					spirit:order="5">4855</spirit:value>
		</spirit:parameter>
		<spirit:parameter>
			<spirit:name>II</spirit:name>
			<spirit:value spirit:resolve="immediate"
					spirit:id="PARAM_VALUE.II"
					spirit:order="6">x</spirit:value>
		</spirit:parameter>
	</spirit:parameters>
	<spirit:vendorExtensions>
		<xilinx:coreExtensions>
			<xilinx:supportedFamilies>
				<xilinx:family xilinx:lifeCycle="Pre-Production">zynq</xilinx:family>
			</xilinx:supportedFamilies>
			<xilinx:taxonomies>
				<xilinx:taxonomy>/VIVADO_HLS_IP</xilinx:taxonomy>
			</xilinx:taxonomies>
			<xilinx:displayName>Acorn128_dec_onebyte</xilinx:displayName>
			<xilinx:coreRevision>1905130233</xilinx:coreRevision>
			<xilinx:coreCreationDateTime>2019-05-12T23:33:04Z</xilinx:coreCreationDateTime>
		</xilinx:coreExtensions>
		<xilinx:packagingInfo>
			<xilinx:xilinxVersion>2014.4</xilinx:xilinxVersion>
		</xilinx:packagingInfo>
	</spirit:vendorExtensions>
</spirit:component>
